precision,recall,f1_score,roc_auc
0.05628517823639775,0.9183673469387755,0.1060695344725987,0.970028112187475
0.8709677419354839,0.826530612244898,0.8481675392670157,0.9736690944667118
0.6854838709677419,0.8673469387755102,0.7657657657657657,0.9752791838457386
